INSERT INTO `shop` (`id`, `name`, `itemid`, `prefix`, `tradeble`, `activateable`, `buyable`, `issueable`, `sales_per_day`, `max_supply`, `apply_to`, `price`, `duration`, `ore`, `coal`, `copper`, `uranium`, `boost_percentage`, `blueprint`) VALUES ('20', 'Yamato', 'blueprint_14', 'BP14-', '1', '1', '0', '1', '-1', '-1', 'planet', NULL, NULL, NULL, NULL, NULL, NULL, NULL, 'yamato');

INSERT INTO `shipstats` (`name`, `longname`, `class`, `variant`, `variant_name`, `level`, `speed`, `consumption`, `structure`, `armor`, `shield`, `rocket`, `bullet`, `laser`, `capacity`, `shipyard_level`) VALUES ('yamato', 'Yamato', 'Yamato', '4', 'yamato', '1', '8', '0.0001', '23', '23', '23', '3', '3', '3', '1', '13');
INSERT INTO `shipstats` (`name`, `longname`, `class`, `variant`, `variant_name`, `level`, `speed`, `consumption`, `structure`, `armor`, `shield`, `rocket`, `bullet`, `laser`, `capacity`, `shipyard_level`) VALUES ('yamato1', 'Yamato 1', 'Yamato', '4', 'yamato', '1', '8', '0.0002', '97', '97', '97', '10', '10', '10', '3', '1');
INSERT INTO `shipstats` (`name`, `longname`, `class`, `variant`, `variant_name`, `level`, `speed`, `consumption`, `structure`, `armor`, `shield`, `rocket`, `bullet`, `laser`, `capacity`, `shipyard_level`) VALUES ('yamato2', 'Yamato 2', 'Yamato', '4', 'yamato', '1', '8', '0.0003', '140', '140', '140', '14', '14', '14', '4', '2');
INSERT INTO `shipstats` (`name`, `longname`, `class`, `variant`, `variant_name`, `level`, `speed`, `consumption`, `structure`, `armor`, `shield`, `rocket`, `bullet`, `laser`, `capacity`, `shipyard_level`) VALUES ('yamato3', 'Yamato 3', 'Yamato', '4', 'yamato', '1', '8', '0.0004', '180', '180', '180', '18', '18', '18', '6', '3');
INSERT INTO `shipstats` (`name`, `longname`, `class`, `variant`, `variant_name`, `level`, `speed`, `consumption`, `structure`, `armor`, `shield`, `rocket`, `bullet`, `laser`, `capacity`, `shipyard_level`) VALUES ('yamato4', 'Yamato 4', 'Yamato', '4', 'yamato', '1', '8', '0.0005', '260', '260', '260', '26', '26', '26', '9', '4');
INSERT INTO `shipstats` (`name`, `longname`, `class`, `variant`, `variant_name`, `level`, `speed`, `consumption`, `structure`, `armor`, `shield`, `rocket`, `bullet`, `laser`, `capacity`, `shipyard_level`) VALUES ('yamato5', 'Yamato 5', 'Yamato', '4', 'yamato', '1', '7', '0.0008', '375', '375', '375', '38', '38', '38', '16', '5');
INSERT INTO `shipstats` (`name`, `longname`, `class`, `variant`, `variant_name`, `level`, `speed`, `consumption`, `structure`, `armor`, `shield`, `rocket`, `bullet`, `laser`, `capacity`, `shipyard_level`) VALUES ('yamato6', 'Yamato 6', 'Yamato', '4', 'yamato', '1', '7', '0.0012', '560', '560', '560', '56', '56', '56', '25', '6');
INSERT INTO `shipstats` (`name`, `longname`, `class`, `variant`, `variant_name`, `level`, `speed`, `consumption`, `structure`, `armor`, `shield`, `rocket`, `bullet`, `laser`, `capacity`, `shipyard_level`) VALUES ('yamato7', 'Yamato 7', 'Yamato', '4', 'yamato', '1', '7', '0.0018', '767', '767', '767', '77', '77', '77', '35', '7');
INSERT INTO `shipstats` (`name`, `longname`, `class`, `variant`, `variant_name`, `level`, `speed`, `consumption`, `structure`, `armor`, `shield`, `rocket`, `bullet`, `laser`, `capacity`, `shipyard_level`) VALUES ('yamato8', 'Yamato 8', 'Yamato', '4', 'yamato', '1', '7', '0.0026', '1100', '1100', '1100', '110', '110', '110', '53', '8');
INSERT INTO `shipstats` (`name`, `longname`, `class`, `variant`, `variant_name`, `level`, `speed`, `consumption`, `structure`, `armor`, `shield`, `rocket`, `bullet`, `laser`, `capacity`, `shipyard_level`) VALUES ('yamato9', 'Yamato 9', 'Yamato', '4', 'yamato', '1', '6', '0.0039', '1540', '1540', '1540', '154', '154', '154', '91', '9');
INSERT INTO `shipstats` (`name`, `longname`, `class`, `variant`, `variant_name`, `level`, `speed`, `consumption`, `structure`, `armor`, `shield`, `rocket`, `bullet`, `laser`, `capacity`, `shipyard_level`) VALUES ('yamato10', 'Yamato 10', 'Yamato', '4', 'yamato', '1', '6', '0.0058', '2200', '2200', '2200', '220', '220', '220', '137', '10');
INSERT INTO `shipstats` (`name`, `longname`, `class`, `variant`, `variant_name`, `level`, `speed`, `consumption`, `structure`, `armor`, `shield`, `rocket`, `bullet`, `laser`, `capacity`, `shipyard_level`) VALUES ('yamato11', 'Yamato 11', 'Yamato', '4', 'yamato', '1', '6', '0.0088', '3167', '3167', '3167', '317', '317', '317', '208', '11');
INSERT INTO `shipstats` (`name`, `longname`, `class`, `variant`, `variant_name`, `level`, `speed`, `consumption`, `structure`, `armor`, `shield`, `rocket`, `bullet`, `laser`, `capacity`, `shipyard_level`) VALUES ('yamato12', 'Yamato 12', 'Yamato', '4', 'yamato', '1', '6', '0.0131', '4500', '4500', '4500', '450', '450', '450', '312', '12');
INSERT INTO `shipstats` (`name`, `longname`, `class`, `variant`, `variant_name`, `level`, `speed`, `consumption`, `structure`, `armor`, `shield`, `rocket`, `bullet`, `laser`, `capacity`, `shipyard_level`) VALUES ('yamato13', 'Yamato 13', 'Yamato', '4', 'yamato', '1', '5', '0.0210', '6800', '6800', '6800', '680', '680', '680', '600', '13');
INSERT INTO `shipstats` (`name`, `longname`, `class`, `variant`, `variant_name`, `level`, `speed`, `consumption`, `structure`, `armor`, `shield`, `rocket`, `bullet`, `laser`, `capacity`, `shipyard_level`) VALUES ('yamato14', 'Yamato 14', 'Yamato', '4', 'yamato', '1', '5', '0.0315', '9600', '9600', '9600', '960', '960', '960', '900', '14');
INSERT INTO `shipstats` (`name`, `longname`, `class`, `variant`, `variant_name`, `level`, `speed`, `consumption`, `structure`, `armor`, `shield`, `rocket`, `bullet`, `laser`, `capacity`, `shipyard_level`) VALUES ('yamato15', 'Yamato 15', 'Yamato', '4', 'yamato', '1', '5', '0.0473', '13500', '13500', '13500', '1350', '1350', '1350', '1350', '15');
INSERT INTO `shipstats` (`name`, `longname`, `class`, `variant`, `variant_name`, `level`, `speed`, `consumption`, `structure`, `armor`, `shield`, `rocket`, `bullet`, `laser`, `capacity`, `shipyard_level`) VALUES ('yamato16', 'Yamato 16', 'Yamato', '4', 'yamato', '1', '5', '0.0700', '18667', '18667', '18667', '1867', '1867', '1867', '2000', '16');
INSERT INTO `shipstats` (`name`, `longname`, `class`, `variant`, `variant_name`, `level`, `speed`, `consumption`, `structure`, `armor`, `shield`, `rocket`, `bullet`, `laser`, `capacity`, `shipyard_level`) VALUES ('yamato17', 'Yamato 17', 'Yamato', '4', 'yamato', '1', '4', '0.1050', '26000', '26000', '26000', '2600', '2600', '2600', '3750', '17');
INSERT INTO `shipstats` (`name`, `longname`, `class`, `variant`, `variant_name`, `level`, `speed`, `consumption`, `structure`, `armor`, `shield`, `rocket`, `bullet`, `laser`, `capacity`, `shipyard_level`) VALUES ('yamato18', 'Yamato 18', 'Yamato', '4', 'yamato', '1', '4', '0.1575', '36000', '36000', '36000', '3600', '3600', '3600', '5625', '18');
INSERT INTO `shipstats` (`name`, `longname`, `class`, `variant`, `variant_name`, `level`, `speed`, `consumption`, `structure`, `armor`, `shield`, `rocket`, `bullet`, `laser`, `capacity`, `shipyard_level`) VALUES ('yamato19', 'Yamato 19', 'Yamato', '4', 'yamato', '1', '4', '0.2450', '51333', '51333', '51333', '5133', '5133', '5133', '8750', '19');
INSERT INTO `shipstats` (`name`, `longname`, `class`, `variant`, `variant_name`, `level`, `speed`, `consumption`, `structure`, `armor`, `shield`, `rocket`, `bullet`, `laser`, `capacity`, `shipyard_level`) VALUES ('yamato20', 'Yamato 20', 'Yamato', '4', 'yamato', '1', '4', '0.3500', '66667', '66667', '66667', '6667', '6667', '6667', '12500', '20');

ALTER TABLE `upgradecosts` ADD `stardust` BIGINT(20) NULL AFTER `uranium`;

INSERT INTO `upgradecosts` (`id`, `name`, `level`, `coal`, `ore`, `copper`, `uranium`, `stardust`, `upgrade_time`) VALUES (NULL, 'yamato', '1'    , '640',   '320',  '160',  '80',   NULL, '43200');
INSERT INTO `upgradecosts` (`id`, `name`, `level`, `coal`, `ore`, `copper`, `uranium`, `stardust`, `upgrade_time`) VALUES (NULL, 'yamato1', '1'   , '800',	'400',	'200',	'100',	'10000000000',	'86400');
INSERT INTO `upgradecosts` (`id`, `name`, `level`, `coal`, `ore`, `copper`, `uranium`, `stardust`, `upgrade_time`) VALUES (NULL, 'yamato2', '1'   , '1600',	'800',	'400',	'200',	'15000000000',	'86400');
INSERT INTO `upgradecosts` (`id`, `name`, `level`, `coal`, `ore`, `copper`, `uranium`, `stardust`, `upgrade_time`) VALUES (NULL, 'yamato3', '1'   , '2400',	'1200',	'600',	'300',	'20000000000',	'86400');
INSERT INTO `upgradecosts` (`id`, `name`, `level`, `coal`, `ore`, `copper`, `uranium`, `stardust`, `upgrade_time`) VALUES (NULL, 'yamato4', '1'   , '3200',	'1600',	'800',	'400',	'30000000000',	'86400');
INSERT INTO `upgradecosts` (`id`, `name`, `level`, `coal`, `ore`, `copper`, `uranium`, `stardust`, `upgrade_time`) VALUES (NULL, 'yamato5', '1'   , '4000',	'2000',	'1000',	'500',	'45000000000',	'86400');
INSERT INTO `upgradecosts` (`id`, `name`, `level`, `coal`, `ore`, `copper`, `uranium`, `stardust`, `upgrade_time`) VALUES (NULL, 'yamato6', '1'   , '4800',	'2400',	'1200',	'600',	'70000000000',	'86400');
INSERT INTO `upgradecosts` (`id`, `name`, `level`, `coal`, `ore`, `copper`, `uranium`, `stardust`, `upgrade_time`) VALUES (NULL, 'yamato7', '1'   , '5600',	'2800',	'1400',	'700',	'100000000000',	'86400');
INSERT INTO `upgradecosts` (`id`, `name`, `level`, `coal`, `ore`, `copper`, `uranium`, `stardust`, `upgrade_time`) VALUES (NULL, 'yamato8', '1'   , '6400',	'3200',	'1600',	'800',	'150000000000',	'86400');
INSERT INTO `upgradecosts` (`id`, `name`, `level`, `coal`, `ore`, `copper`, `uranium`, `stardust`, `upgrade_time`) VALUES (NULL, 'yamato9', '1'   , '7200',	'3600',	'1800',	'900',	'220000000000',	'86400');
INSERT INTO `upgradecosts` (`id`, `name`, `level`, `coal`, `ore`, `copper`, `uranium`, `stardust`, `upgrade_time`) VALUES (NULL, 'yamato10', '1' , '8000',	'4000',	'2000',	'1000',	'330000000000',	'86400');
INSERT INTO `upgradecosts` (`id`, `name`, `level`, `coal`, `ore`, `copper`, `uranium`, `stardust`, `upgrade_time`) VALUES (NULL, 'yamato11', '1' , '8800',	'4400',	'2200',	'1100',	'500000000000',	'86400');
INSERT INTO `upgradecosts` (`id`, `name`, `level`, `coal`, `ore`, `copper`, `uranium`, `stardust`, `upgrade_time`) VALUES (NULL, 'yamato12', '1' , '9600',	'4800',	'2400',	'1200',	'750000000000',	'86400');
INSERT INTO `upgradecosts` (`id`, `name`, `level`, `coal`, `ore`, `copper`, `uranium`, `stardust`, `upgrade_time`) VALUES (NULL, 'yamato13', '1' , '10400',	'5200',	'2600',	'1300',	'1200000000000',	'86400');
INSERT INTO `upgradecosts` (`id`, `name`, `level`, `coal`, `ore`, `copper`, `uranium`, `stardust`, `upgrade_time`) VALUES (NULL, 'yamato14', '1' , '11200',	'5600',	'2800',	'1400',	'1800000000000',	'86400');
INSERT INTO `upgradecosts` (`id`, `name`, `level`, `coal`, `ore`, `copper`, `uranium`, `stardust`, `upgrade_time`) VALUES (NULL, 'yamato15', '1' , '12000',	'6000',	'3000',	'1500',	'2700000000000',	'86400');
INSERT INTO `upgradecosts` (`id`, `name`, `level`, `coal`, `ore`, `copper`, `uranium`, `stardust`, `upgrade_time`) VALUES (NULL, 'yamato16', '1' , '12800',	'6400',	'3200',	'1600',	'4000000000000',	'86400');
INSERT INTO `upgradecosts` (`id`, `name`, `level`, `coal`, `ore`, `copper`, `uranium`, `stardust`, `upgrade_time`) VALUES (NULL, 'yamato17', '1' , '13600',	'6800',	'3400',	'1700',	'6000000000000',	'86400');
INSERT INTO `upgradecosts` (`id`, `name`, `level`, `coal`, `ore`, `copper`, `uranium`, `stardust`, `upgrade_time`) VALUES (NULL, 'yamato18', '1' , '14400',	'7200',	'3600',	'1800',	'9000000000000',	'86400');
INSERT INTO `upgradecosts` (`id`, `name`, `level`, `coal`, `ore`, `copper`, `uranium`, `stardust`, `upgrade_time`) VALUES (NULL, 'yamato19', '1' , '15200',	'7600',	'3800',	'1900',	'14000000000000',	'86400');
INSERT INTO `upgradecosts` (`id`, `name`, `level`, `coal`, `ore`, `copper`, `uranium`, `stardust`, `upgrade_time`) VALUES (NULL, 'yamato20', '1' , '16000',	'8000',	'4000',	'2000',	'20000000000000',	'86400');

ALTER TABLE `users` ADD `r_Yamato` INT NULL AFTER `r_Dreadnought_busy`;
ALTER TABLE `users` ADD `r_Yamato_busy` DATETIME NULL AFTER `r_Yamato`;

INSERT INTO `skillcosts` (`id`, `name`, `level`, `coal`, `ore`, `copper`, `uranium`, `research_time`) VALUES (NULL, 'Yamato', '1',  '80',	'40',	'20',	'12',	'17280');
INSERT INTO `skillcosts` (`id`, `name`, `level`, `coal`, `ore`, `copper`, `uranium`, `research_time`) VALUES (NULL, 'Yamato', '2',  '120',	'60',	'30',	'18',	'17280');
INSERT INTO `skillcosts` (`id`, `name`, `level`, `coal`, `ore`, `copper`, `uranium`, `research_time`) VALUES (NULL, 'Yamato', '3',  '160',	'80',	'40',	'24',	'17280');
INSERT INTO `skillcosts` (`id`, `name`, `level`, `coal`, `ore`, `copper`, `uranium`, `research_time`) VALUES (NULL, 'Yamato', '4',  '220',	'110',	'55',	'33',	'20933');
INSERT INTO `skillcosts` (`id`, `name`, `level`, `coal`, `ore`, `copper`, `uranium`, `research_time`) VALUES (NULL, 'Yamato', '5',  '264',	'132',	'66',	'39.6',	'20933');
INSERT INTO `skillcosts` (`id`, `name`, `level`, `coal`, `ore`, `copper`, `uranium`, `research_time`) VALUES (NULL, 'Yamato', '6',  '308',	'154',	'77',	'46.2',	'20933');
INSERT INTO `skillcosts` (`id`, `name`, `level`, `coal`, `ore`, `copper`, `uranium`, `research_time`) VALUES (NULL, 'Yamato', '7',  '384',	'192',	'96',	'57.6',	'25411');
INSERT INTO `skillcosts` (`id`, `name`, `level`, `coal`, `ore`, `copper`, `uranium`, `research_time`) VALUES (NULL, 'Yamato', '8',  '432',	'216',	'108',	'64.8',	'25411');
INSERT INTO `skillcosts` (`id`, `name`, `level`, `coal`, `ore`, `copper`, `uranium`, `research_time`) VALUES (NULL, 'Yamato', '9',  '480',	'240',	'120',	'72',	'25411');
INSERT INTO `skillcosts` (`id`, `name`, `level`, `coal`, `ore`, `copper`, `uranium`, `research_time`) VALUES (NULL, 'Yamato', '10', '572',	'286',	'143',	'85.8',	'31027');
INSERT INTO `skillcosts` (`id`, `name`, `level`, `coal`, `ore`, `copper`, `uranium`, `research_time`) VALUES (NULL, 'Yamato', '11', '624',	'312',	'156',	'93.6',	'31027');
INSERT INTO `skillcosts` (`id`, `name`, `level`, `coal`, `ore`, `copper`, `uranium`, `research_time`) VALUES (NULL, 'Yamato', '12', '676',	'338',	'169',	'101.4', '31027');
INSERT INTO `skillcosts` (`id`, `name`, `level`, `coal`, `ore`, `copper`, `uranium`, `research_time`) VALUES (NULL, 'Yamato', '13', '784',	'392',	'196',	'117.6', '38278');
INSERT INTO `skillcosts` (`id`, `name`, `level`, `coal`, `ore`, `copper`, `uranium`, `research_time`) VALUES (NULL, 'Yamato', '14', '840',	'420',	'210',	'126',	'38278');
INSERT INTO `skillcosts` (`id`, `name`, `level`, `coal`, `ore`, `copper`, `uranium`, `research_time`) VALUES (NULL, 'Yamato', '15', '896',	'448',	'224',	'134.4',	'38278');
INSERT INTO `skillcosts` (`id`, `name`, `level`, `coal`, `ore`, `copper`, `uranium`, `research_time`) VALUES (NULL, 'Yamato', '16', '1020',	'510',	'255',	'153',	'48000');
INSERT INTO `skillcosts` (`id`, `name`, `level`, `coal`, `ore`, `copper`, `uranium`, `research_time`) VALUES (NULL, 'Yamato', '17', '1080',	'540',	'270',	'162',	'48000');
INSERT INTO `skillcosts` (`id`, `name`, `level`, `coal`, `ore`, `copper`, `uranium`, `research_time`) VALUES (NULL, 'Yamato', '18', '1140',	'570',	'285',	'171',	'48000');
INSERT INTO `skillcosts` (`id`, `name`, `level`, `coal`, `ore`, `copper`, `uranium`, `research_time`) VALUES (NULL, 'Yamato', '19', '1280',	'640',	'320',	'192',	'61714');
INSERT INTO `skillcosts` (`id`, `name`, `level`, `coal`, `ore`, `copper`, `uranium`, `research_time`) VALUES (NULL, 'Yamato', '20', '1344',	'672',	'336',	'201.6',	'61714');

CREATE TABLE `season` (
  `id` int(11) NOT NULL,
  `start_date` timestamp NULL DEFAULT NULL,
  `end_date` timestamp NULL DEFAULT NULL,
  `steem_rewards` float DEFAULT NULL,
  `name` varchar(50) DEFAULT NULL,
  `leach_rate` float DEFAULT NULL,
  `deploy_rate` float DEFAULT NULL
);

ALTER TABLE `season`
  ADD PRIMARY KEY (`id`);

ALTER TABLE `season`
  MODIFY `id` int(11) NOT NULL AUTO_INCREMENT;

ALTER TABLE `season` ADD INDEX `end_date` (`end_date`) USING BTREE;

ALTER TABLE `season` ADD INDEX `start_date_end_date` (`start_date`, `end_date`) USING BTREE;

CREATE TABLE `seasonranking` (
  `season_id` int(11) NOT NULL,
  `user` varchar(20) NOT NULL,
  `last_update` datetime NOT NULL,
  `build_reward` float NOT NULL DEFAULT '0',
  `destroy_reward` float NOT NULL DEFAULT '0',
  `total_reward` float NOT NULL DEFAULT '0'
);

ALTER TABLE `seasonranking` ADD PRIMARY KEY (`season_id`,`user`);

ALTER TABLE `seasonranking` ADD INDEX `user` (`season_id`, `user`) USING BTREE;

UPDATE `shipstats` SET `longname` = 'Cutter Canard' WHERE `shipstats`.`name` = 'cutter1';

INSERT INTO `shop` (`id`, `name`, `itemid`, `prefix`, `tradeble`, `activateable`, `buyable`, `issueable`, `sales_per_day`, `max_supply`, `apply_to`, `price`, `duration`, `ore`, `coal`, `copper`, `uranium`, `boost_percentage`, `blueprint`) VALUES ('21', 'Scout Minerva', 'blueprint_15', 'BP15-', '1', '1', '0', '1', '-1', '-1', 'planet', NULL, NULL, NULL, NULL, NULL, NULL, NULL, 'scout2');
INSERT INTO `shop` (`id`, `name`, `itemid`, `prefix`, `tradeble`, `activateable`, `buyable`, `issueable`, `sales_per_day`, `max_supply`, `apply_to`, `price`, `duration`, `ore`, `coal`, `copper`, `uranium`, `boost_percentage`, `blueprint`) VALUES ('22', 'Patrol Cruqal', 'blueprint_16', 'BP16-', '1', '1', '0', '1', '-1', '-1', 'planet', NULL, NULL, NULL, NULL, NULL, NULL, NULL, 'patrol2');
INSERT INTO `shop` (`id`, `name`, `itemid`, `prefix`, `tradeble`, `activateable`, `buyable`, `issueable`, `sales_per_day`, `max_supply`, `apply_to`, `price`, `duration`, `ore`, `coal`, `copper`, `uranium`, `boost_percentage`, `blueprint`) VALUES ('23', 'Cutter Orchis', 'blueprint_17', 'BP17-', '1', '1', '0', '1', '-1', '-1', 'planet', NULL, NULL, NULL, NULL, NULL, NULL, NULL, 'cutter2');
INSERT INTO `shop` (`id`, `name`, `itemid`, `prefix`, `tradeble`, `activateable`, `buyable`, `issueable`, `sales_per_day`, `max_supply`, `apply_to`, `price`, `duration`, `ore`, `coal`, `copper`, `uranium`, `boost_percentage`, `blueprint`) VALUES ('24', 'Corvette Najtar', 'blueprint_18', 'BP18-', '1', '1', '0', '1', '-1', '-1', 'planet', NULL, NULL, NULL, NULL, NULL, NULL, NULL, 'corvette2');
INSERT INTO `shop` (`id`, `name`, `itemid`, `prefix`, `tradeble`, `activateable`, `buyable`, `issueable`, `sales_per_day`, `max_supply`, `apply_to`, `price`, `duration`, `ore`, `coal`, `copper`, `uranium`, `boost_percentage`, `blueprint`) VALUES ('25', 'Frigate Droeel', 'blueprint_19', 'BP19-', '1', '1', '0', '1', '-1', '-1', 'planet', NULL, NULL, NULL, NULL, NULL, NULL, NULL, 'frigate2');
INSERT INTO `shop` (`id`, `name`, `itemid`, `prefix`, `tradeble`, `activateable`, `buyable`, `issueable`, `sales_per_day`, `max_supply`, `apply_to`, `price`, `duration`, `ore`, `coal`, `copper`, `uranium`, `boost_percentage`, `blueprint`) VALUES ('26', 'Destroyer Halgoin', 'blueprint_20', 'BP20-', '1', '1', '0', '1', '-1', '-1', 'planet', NULL, NULL, NULL, NULL, NULL, NULL, NULL, 'destroyer2');
INSERT INTO `shop` (`id`, `name`, `itemid`, `prefix`, `tradeble`, `activateable`, `buyable`, `issueable`, `sales_per_day`, `max_supply`, `apply_to`, `price`, `duration`, `ore`, `coal`, `copper`, `uranium`, `boost_percentage`, `blueprint`) VALUES ('27', 'Cruiser Ecezza', 'blueprint_21', 'BP21-', '1', '1', '0', '1', '-1', '-1', 'planet', NULL, NULL, NULL, NULL, NULL, NULL, NULL, 'cruiser2');
INSERT INTO `shop` (`id`, `name`, `itemid`, `prefix`, `tradeble`, `activateable`, `buyable`, `issueable`, `sales_per_day`, `max_supply`, `apply_to`, `price`, `duration`, `ore`, `coal`, `copper`, `uranium`, `boost_percentage`, `blueprint`) VALUES ('28 ', 'Battlecruiser Dejah', 'blueprint_22', 'BP22-', '1', '1', '0', '1', '-1', '-1', 'planet', NULL, NULL, NULL, NULL, NULL, NULL, NULL, 'battlecruiser2');
INSERT INTO `shop` (`id`, `name`, `itemid`, `prefix`, `tradeble`, `activateable`, `buyable`, `issueable`, `sales_per_day`, `max_supply`, `apply_to`, `price`, `duration`, `ore`, `coal`, `copper`, `uranium`, `boost_percentage`, `blueprint`) VALUES ('29 ', "Carrier Bhun'il", 'blueprint_23', 'BP23-', '1', '1', '0', '1', '-1', '-1', 'planet', NULL, NULL, NULL, NULL, NULL, NULL, NULL, 'carrier2');
INSERT INTO `shop` (`id`, `name`, `itemid`, `prefix`, `tradeble`, `activateable`, `buyable`, `issueable`, `sales_per_day`, `max_supply`, `apply_to`, `price`, `duration`, `ore`, `coal`, `copper`, `uranium`, `boost_percentage`, `blueprint`) VALUES ('30 ', 'Dreadnought Zaneel', 'blueprint_24', 'BP24-', '1', '1', '0', '1', '-1', '-1', 'planet', NULL, NULL, NULL, NULL, NULL, NULL, NULL, 'dreadnought2');

UPDATE `shipstats` SET `longname` = 'Patrol Cruqal' WHERE `shipstats`.`name` = 'patrol2';
UPDATE `shipstats` SET `longname` = 'Frigate Droeel' WHERE `shipstats`.`name` = 'frigate2';
UPDATE `shipstats` SET `longname` = 'Corvette Najtar' WHERE `shipstats`.`name` = 'corvette2';
UPDATE `shipstats` SET `longname` = 'Destroyer Halgoin' WHERE `shipstats`.`name` = 'destroyer2';
UPDATE `shipstats` SET `longname` = 'Cruiser Eceza' WHERE `shipstats`.`name` = 'cruiser2';
UPDATE `shipstats` SET `longname` = 'Battlecruiser Dejah' WHERE `shipstats`.`name` = 'battlecruiser2';
UPDATE `shipstats` SET `longname` = "Carrier Bhun'il" WHERE `shipstats`.`name` = 'carrier2';
UPDATE `shipstats` SET `longname` = 'Dreadnought Zaneel' WHERE `shipstats`.`name` = 'dreadnought2';

ALTER TABLE `activity` ADD `new_item_id` VARCHAR(255) AFTER `new_planet_id`;
ALTER TABLE `activity` ADD `new_stardust` BIGINT(20) AFTER `new_item_id`;

ALTER TABLE `stardust` ADD `mission_id` VARCHAR(50) AFTER `amount`;

ALTER TABLE `planets` ADD `abandoned` tinyint(1) NOT NULL DEFAULT '0' AFTER `startplanet`;

INSERT INTO `users`(`username`, `r_base`, `date`) VALUES ("null","1","2019-04-21 20:36:00");

UPDATE `shipstats` SET `variant`="3" WHERE variant_name = "civil";

ALTER TABLE `battleresults` CHANGE `final_defender_ships` `final_defender_ships` VARCHAR(21844) CHARACTER SET latin1 COLLATE latin1_swedish_ci NOT NULL;
ALTER TABLE `battleresults` CHANGE `initial_defender_ships` `initial_defender_ships` VARCHAR(21844) CHARACTER SET latin1 COLLATE latin1_swedish_ci NOT NULL;

ALTER TABLE `planets` ADD INDEX `last_update` (`last_update`) USING BTREE;