INSERT INTO `shop` (`id`, `name`, `itemid`, `prefix`, `tradeble`, `activateable`, `sales_per_day`, `max_supply`, `apply_to`, `price`, `duration`, `ore`, `coal`, `copper`, `uranium`, `boost_percentage`, `blueprint`) VALUES ('17', 'Scout Athene', 'blueprint_11', 'BP11-', '1', '1', '-1', '10000', 'planet', '0.99', NULL, NULL, NULL, NULL, NULL, NULL, 'scout1');
INSERT INTO `shop` (`id`, `name`, `itemid`, `prefix`, `tradeble`, `activateable`, `sales_per_day`, `max_supply`, `apply_to`, `price`, `duration`, `ore`, `coal`, `copper`, `uranium`, `boost_percentage`, `blueprint`) VALUES ('18', 'Patrol Hermes', 'blueprint_12', 'BP12-', '1', '1', '-1', '9000', 'planet', '1.99', NULL, NULL, NULL, NULL, NULL, NULL, 'patrol1');
INSERT INTO `shop` (`id`, `name`, `itemid`, `prefix`, `tradeble`, `activateable`, `sales_per_day`, `max_supply`, `apply_to`, `price`, `duration`, `ore`, `coal`, `copper`, `uranium`, `boost_percentage`, `blueprint`) VALUES ('19', 'Cutter Canard', 'blueprint_13', 'BP13-', '1', '1', '-1', '8000', 'planet', '3.99', NULL, NULL, NULL, NULL, NULL, NULL, 'cutter1');

INSERT INTO `shipstats` (`name`, `longname`, `class`, `variant`, `variant_name`, `level`, `speed`, `consumption`, `structure`, `armor`, `shield`, `rocket`, `bullet`, `laser`, `capacity`, `shipyard_level`) VALUES ('scout', 'Scout Sentry', 'Scout', '0', 'rocket', '1', '1', '0.001', '1', '1', '1', '1', '0', '0', '1', '6');
INSERT INTO `shipstats` (`name`, `longname`, `class`, `variant`, `variant_name`, `level`, `speed`, `consumption`, `structure`, `armor`, `shield`, `rocket`, `bullet`, `laser`, `capacity`, `shipyard_level`) VALUES ('scout1', 'Scout Athene', 'Scout', '1', 'bullet', '1', '1', '0.001', '1', '1', '1', '0', '1', '0', '1', '6');
INSERT INTO `shipstats` (`name`, `longname`, `class`, `variant`, `variant_name`, `level`, `speed`, `consumption`, `structure`, `armor`, `shield`, `rocket`, `bullet`, `laser`, `capacity`, `shipyard_level`) VALUES ('scout2', 'Scout Minerva', 'Scout', '2', 'laser', '1', '1', '0.001', '1', '1', '1', '0', '0', '1', '1', '6');
INSERT INTO `shipstats` (`name`, `longname`, `class`, `variant`, `variant_name`, `level`, `speed`, `consumption`, `structure`, `armor`, `shield`, `rocket`, `bullet`, `laser`, `capacity`, `shipyard_level`) VALUES ('patrol', 'Patrol Amaterasu', 'Patrol', '0', 'rocket', '1', '1', '0.001', '2', '2', '2', '1', '0', '0', '5', '8');
INSERT INTO `shipstats` (`name`, `longname`, `class`, `variant`, `variant_name`, `level`, `speed`, `consumption`, `structure`, `armor`, `shield`, `rocket`, `bullet`, `laser`, `capacity`, `shipyard_level`) VALUES ('patrol1', 'Patrol Hermes', 'Patrol', '1', 'bullet', '1', '1', '0.001', '2', '2', '2', '0', '1', '0', '5', '8');
INSERT INTO `shipstats` (`name`, `longname`, `class`, `variant`, `variant_name`, `level`, `speed`, `consumption`, `structure`, `armor`, `shield`, `rocket`, `bullet`, `laser`, `capacity`, `shipyard_level`) VALUES ('patrol2', 'Patrol Crucal', 'Patrol', '2', 'laser', '1', '1', '0.001', '2', '2', '2', '0', '0', '1', '5', '8');
INSERT INTO `shipstats` (`name`, `longname`, `class`, `variant`, `variant_name`, `level`, `speed`, `consumption`, `structure`, `armor`, `shield`, `rocket`, `bullet`, `laser`, `capacity`, `shipyard_level`) VALUES ('cutter', 'Cutter Arrow', 'Cutter', '0', 'rocket', '1', '2', '0.001', '6', '4', '2', '1', '0', '0', '10', '10');
INSERT INTO `shipstats` (`name`, `longname`, `class`, `variant`, `variant_name`, `level`, `speed`, `consumption`, `structure`, `armor`, `shield`, `rocket`, `bullet`, `laser`, `capacity`, `shipyard_level`) VALUES ('cutter1', 'Cutter Cancard', 'Cutter', '1', 'bullet', '1', '2', '0.001', '6', '4', '2', '0', '1', '0', '10', '10');
INSERT INTO `shipstats` (`name`, `longname`, `class`, `variant`, `variant_name`, `level`, `speed`, `consumption`, `structure`, `armor`, `shield`, `rocket`, `bullet`, `laser`, `capacity`, `shipyard_level`) VALUES ('cutter2', 'Cutter Orchis', 'Cutter', '2', 'laser', '1', '2', '0.001', '6', '4', '2', '0', '0', '1', '10', '10');

INSERT INTO `upgradecosts` (`id`, `name`, `level`, `coal`, `ore`, `copper`, `uranium`, `upgrade_time`) VALUES (NULL, 'scout', '1', '48', '24', '12', '6', '7578');
INSERT INTO `upgradecosts` (`id`, `name`, `level`, `coal`, `ore`, `copper`, `uranium`, `upgrade_time`) VALUES (NULL, 'scout1', '1', '48', '24', '12', '6', '7578');
INSERT INTO `upgradecosts` (`id`, `name`, `level`, `coal`, `ore`, `copper`, `uranium`, `upgrade_time`) VALUES (NULL, 'scout2', '1', '48', '24', '12', '6', '7578');
INSERT INTO `upgradecosts` (`id`, `name`, `level`, `coal`, `ore`, `copper`, `uranium`, `upgrade_time`) VALUES (NULL, 'patrol', '1', '57', '28', '14', '7', '11675');
INSERT INTO `upgradecosts` (`id`, `name`, `level`, `coal`, `ore`, `copper`, `uranium`, `upgrade_time`) VALUES (NULL, 'patrol1', '1', '57', '28', '14', '7', '11675');
INSERT INTO `upgradecosts` (`id`, `name`, `level`, `coal`, `ore`, `copper`, `uranium`, `upgrade_time`) VALUES (NULL, 'patrol2', '1', '57', '28', '14', '7', '11675');
INSERT INTO `upgradecosts` (`id`, `name`, `level`, `coal`, `ore`, `copper`, `uranium`, `upgrade_time`) VALUES (NULL, 'cutter', '1', '64', '32', '16', '8', '17280');
INSERT INTO `upgradecosts` (`id`, `name`, `level`, `coal`, `ore`, `copper`, `uranium`, `upgrade_time`) VALUES (NULL, 'cutter1', '1', '64', '32', '16', '8', '17280');
INSERT INTO `upgradecosts` (`id`, `name`, `level`, `coal`, `ore`, `copper`, `uranium`, `upgrade_time`) VALUES (NULL, 'cutter2', '1', '64', '32', '16', '8', '17280');

ALTER TABLE `users` ADD `r_Scout` INT NULL AFTER `r_Explorer_busy`;
ALTER TABLE `users` ADD `r_Scout_busy` DATETIME NULL AFTER `r_Scout`;
ALTER TABLE `users` ADD `r_Patrol` INT NULL AFTER `r_Scout_busy`;
ALTER TABLE `users` ADD `r_Patrol_busy` DATETIME NULL AFTER `r_Patrol`;
ALTER TABLE `users` ADD `r_Cutter` INT NULL AFTER `r_Patrol_busy`;
ALTER TABLE `users` ADD `r_Cutter_busy` DATETIME NULL AFTER `r_Cutter`;

INSERT INTO `skillcosts` (`id`, `name`, `level`, `coal`, `ore`, `copper`, `uranium`, `research_time`) VALUES (NULL, 'Scout', '1',  '48',	'24',	'12',	'7.2',	'7578');
INSERT INTO `skillcosts` (`id`, `name`, `level`, `coal`, `ore`, `copper`, `uranium`, `research_time`) VALUES (NULL, 'Scout', '2',  '52.8',	'26.4',	'13.2',	'7.92',	'7578');
INSERT INTO `skillcosts` (`id`, `name`, `level`, `coal`, `ore`, `copper`, `uranium`, `research_time`) VALUES (NULL, 'Scout', '3',  '57.6',	'28.8',	'14.4',	'8.64',	'7578');
INSERT INTO `skillcosts` (`id`, `name`, `level`, `coal`, `ore`, `copper`, `uranium`, `research_time`) VALUES (NULL, 'Scout', '4',  '62.4',	'31.2',	'15.6',	'9.36',	'7578');
INSERT INTO `skillcosts` (`id`, `name`, `level`, `coal`, `ore`, `copper`, `uranium`, `research_time`) VALUES (NULL, 'Scout', '5',  '67.2',	'33.6',	'16.8',	'10.08',	'7578');
INSERT INTO `skillcosts` (`id`, `name`, `level`, `coal`, `ore`, `copper`, `uranium`, `research_time`) VALUES (NULL, 'Scout', '6',  '72',	'36',	'18',	'10.8',	'7578');
INSERT INTO `skillcosts` (`id`, `name`, `level`, `coal`, `ore`, `copper`, `uranium`, `research_time`) VALUES (NULL, 'Scout', '7',  '76.8',	'38.4',	'19.2',	'11.52',	'7578');
INSERT INTO `skillcosts` (`id`, `name`, `level`, `coal`, `ore`, `copper`, `uranium`, `research_time`) VALUES (NULL, 'Scout', '8',  '81.6',	'40.8',	'20.4',	'12.24',	'7578');
INSERT INTO `skillcosts` (`id`, `name`, `level`, `coal`, `ore`, `copper`, `uranium`, `research_time`) VALUES (NULL, 'Scout', '9',  '86.4',	'43.2',	'21.6',	'12.96',	'7578');
INSERT INTO `skillcosts` (`id`, `name`, `level`, `coal`, `ore`, `copper`, `uranium`, `research_time`) VALUES (NULL, 'Scout', '10', '91.2',	'45.6',	'22.8',	'13.68',	'7578');
INSERT INTO `skillcosts` (`id`, `name`, `level`, `coal`, `ore`, `copper`, `uranium`, `research_time`) VALUES (NULL, 'Scout', '11', '96',	'48',	'24',	'14.4',	'7578');
INSERT INTO `skillcosts` (`id`, `name`, `level`, `coal`, `ore`, `copper`, `uranium`, `research_time`) VALUES (NULL, 'Scout', '12', '100.8',	'50.4',	'25.2',	'15.12',	'7578');
INSERT INTO `skillcosts` (`id`, `name`, `level`, `coal`, `ore`, `copper`, `uranium`, `research_time`) VALUES (NULL, 'Scout', '13', '105.6',	'52.8',	'26.4',	'15.84',	'7578');
INSERT INTO `skillcosts` (`id`, `name`, `level`, `coal`, `ore`, `copper`, `uranium`, `research_time`) VALUES (NULL, 'Scout', '14', '110.4',	'55.2',	'27.6',	'16.56',	'7578');
INSERT INTO `skillcosts` (`id`, `name`, `level`, `coal`, `ore`, `copper`, `uranium`, `research_time`) VALUES (NULL, 'Scout', '15', '115.2',	'57.6',	'28.8',	'17.28',	'7578');
INSERT INTO `skillcosts` (`id`, `name`, `level`, `coal`, `ore`, `copper`, `uranium`, `research_time`) VALUES (NULL, 'Scout', '16', '120',	'60',	'30',	'18',	'7578');
INSERT INTO `skillcosts` (`id`, `name`, `level`, `coal`, `ore`, `copper`, `uranium`, `research_time`) VALUES (NULL, 'Scout', '17', '124.8',	'62.4',	'31.2',	'18.72',	'7578');
INSERT INTO `skillcosts` (`id`, `name`, `level`, `coal`, `ore`, `copper`, `uranium`, `research_time`) VALUES (NULL, 'Scout', '18', '129.6',	'64.8',	'32.4',	'19.44',	'7578');
INSERT INTO `skillcosts` (`id`, `name`, `level`, `coal`, `ore`, `copper`, `uranium`, `research_time`) VALUES (NULL, 'Scout', '19', '134.4',	'67.2',	'33.6',	'20.16',	'7578');
INSERT INTO `skillcosts` (`id`, `name`, `level`, `coal`, `ore`, `copper`, `uranium`, `research_time`) VALUES (NULL, 'Scout', '20', '139.2',	'69.6',	'34.8',	'20.88',	'7578');

INSERT INTO `skillcosts` (`id`, `name`, `level`, `coal`, `ore`, `copper`, `uranium`, `research_time`) VALUES (NULL, 'Patrol', '1',  '64',	'32',	'16',	'9.6',	'11675');
INSERT INTO `skillcosts` (`id`, `name`, `level`, `coal`, `ore`, `copper`, `uranium`, `research_time`) VALUES (NULL, 'Patrol', '2',  '70.4',	'35.2',	'17.6',	'10.56',	'11675');
INSERT INTO `skillcosts` (`id`, `name`, `level`, `coal`, `ore`, `copper`, `uranium`, `research_time`) VALUES (NULL, 'Patrol', '3',  '76.8',	'38.4',	'19.2',	'11.52',	'11675');
INSERT INTO `skillcosts` (`id`, `name`, `level`, `coal`, `ore`, `copper`, `uranium`, `research_time`) VALUES (NULL, 'Patrol', '4',  '83.2',	'41.6',	'20.8',	'12.48',	'11675');
INSERT INTO `skillcosts` (`id`, `name`, `level`, `coal`, `ore`, `copper`, `uranium`, `research_time`) VALUES (NULL, 'Patrol', '5',  '89.6',	'44.8',	'22.4',	'13.44',	'11675');
INSERT INTO `skillcosts` (`id`, `name`, `level`, `coal`, `ore`, `copper`, `uranium`, `research_time`) VALUES (NULL, 'Patrol', '6',  '96',	'48',	'24',	'14.4',	'11675');
INSERT INTO `skillcosts` (`id`, `name`, `level`, `coal`, `ore`, `copper`, `uranium`, `research_time`) VALUES (NULL, 'Patrol', '7',  '102.4',	'51.2',	'25.6',	'15.36',	'11675');
INSERT INTO `skillcosts` (`id`, `name`, `level`, `coal`, `ore`, `copper`, `uranium`, `research_time`) VALUES (NULL, 'Patrol', '8',  '108.8',	'54.4',	'27.2',	'16.32',	'11675');
INSERT INTO `skillcosts` (`id`, `name`, `level`, `coal`, `ore`, `copper`, `uranium`, `research_time`) VALUES (NULL, 'Patrol', '9',  '115.2',	'57.6',	'28.8',	'17.28',	'11675');
INSERT INTO `skillcosts` (`id`, `name`, `level`, `coal`, `ore`, `copper`, `uranium`, `research_time`) VALUES (NULL, 'Patrol', '10', '121.6',	'60.8',	'30.4',	'18.24',	'11675');
INSERT INTO `skillcosts` (`id`, `name`, `level`, `coal`, `ore`, `copper`, `uranium`, `research_time`) VALUES (NULL, 'Patrol', '11', '128',	'64',	'32',	'19.2',	'11675');
INSERT INTO `skillcosts` (`id`, `name`, `level`, `coal`, `ore`, `copper`, `uranium`, `research_time`) VALUES (NULL, 'Patrol', '12', '134.4',	'67.2',	'33.6',	'20.16',	'11675');
INSERT INTO `skillcosts` (`id`, `name`, `level`, `coal`, `ore`, `copper`, `uranium`, `research_time`) VALUES (NULL, 'Patrol', '13', '140.8',	'70.4',	'35.2',	'21.12',	'11675');
INSERT INTO `skillcosts` (`id`, `name`, `level`, `coal`, `ore`, `copper`, `uranium`, `research_time`) VALUES (NULL, 'Patrol', '14', '147.2',	'73.6',	'36.8',	'22.08',	'11675');
INSERT INTO `skillcosts` (`id`, `name`, `level`, `coal`, `ore`, `copper`, `uranium`, `research_time`) VALUES (NULL, 'Patrol', '15', '153.6',	'76.8',	'38.4',	'23.04',	'11675');
INSERT INTO `skillcosts` (`id`, `name`, `level`, `coal`, `ore`, `copper`, `uranium`, `research_time`) VALUES (NULL, 'Patrol', '16', '160',	'80',	'40',	'24',	'11675');
INSERT INTO `skillcosts` (`id`, `name`, `level`, `coal`, `ore`, `copper`, `uranium`, `research_time`) VALUES (NULL, 'Patrol', '17', '166.4',	'83.2',	'41.6',	'24.96',	'11675');
INSERT INTO `skillcosts` (`id`, `name`, `level`, `coal`, `ore`, `copper`, `uranium`, `research_time`) VALUES (NULL, 'Patrol', '18', '172.8',	'86.4',	'43.2',	'25.92',	'11675');
INSERT INTO `skillcosts` (`id`, `name`, `level`, `coal`, `ore`, `copper`, `uranium`, `research_time`) VALUES (NULL, 'Patrol', '19', '179.2',	'89.6',	'44.8',	'26.88',	'11675');
INSERT INTO `skillcosts` (`id`, `name`, `level`, `coal`, `ore`, `copper`, `uranium`, `research_time`) VALUES (NULL, 'Patrol', '20', '185.6',	'92.8',	'46.4',	'27.84',	'11675');

INSERT INTO `skillcosts` (`id`, `name`, `level`, `coal`, `ore`, `copper`, `uranium`, `research_time`) VALUES (NULL, 'Cutter', '1',  '80',	'40',	'20',	'12',	'17280');
INSERT INTO `skillcosts` (`id`, `name`, `level`, `coal`, `ore`, `copper`, `uranium`, `research_time`) VALUES (NULL, 'Cutter', '2',  '88',	'44',	'22',	'13.2',	'17280');
INSERT INTO `skillcosts` (`id`, `name`, `level`, `coal`, `ore`, `copper`, `uranium`, `research_time`) VALUES (NULL, 'Cutter', '3',  '96',	'48',	'24',	'14.4',	'17280');
INSERT INTO `skillcosts` (`id`, `name`, `level`, `coal`, `ore`, `copper`, `uranium`, `research_time`) VALUES (NULL, 'Cutter', '4',  '104',	'52',	'26',	'15.6',	'17280');
INSERT INTO `skillcosts` (`id`, `name`, `level`, `coal`, `ore`, `copper`, `uranium`, `research_time`) VALUES (NULL, 'Cutter', '5',  '112.',	'56.',	'28.',	'16.8',	'17280');
INSERT INTO `skillcosts` (`id`, `name`, `level`, `coal`, `ore`, `copper`, `uranium`, `research_time`) VALUES (NULL, 'Cutter', '6',  '120',	'60',	'30',	'18',	'17280');
INSERT INTO `skillcosts` (`id`, `name`, `level`, `coal`, `ore`, `copper`, `uranium`, `research_time`) VALUES (NULL, 'Cutter', '7',  '128',	'64',	'32',	'19.2',	'17280');
INSERT INTO `skillcosts` (`id`, `name`, `level`, `coal`, `ore`, `copper`, `uranium`, `research_time`) VALUES (NULL, 'Cutter', '8',  '136',	'68',	'34',	'20.4',	'17280');
INSERT INTO `skillcosts` (`id`, `name`, `level`, `coal`, `ore`, `copper`, `uranium`, `research_time`) VALUES (NULL, 'Cutter', '9',  '144',	'72',	'36',	'21.6',	'17280');
INSERT INTO `skillcosts` (`id`, `name`, `level`, `coal`, `ore`, `copper`, `uranium`, `research_time`) VALUES (NULL, 'Cutter', '10', '152',	'76',	'38',	'22.8',	'17280');
INSERT INTO `skillcosts` (`id`, `name`, `level`, `coal`, `ore`, `copper`, `uranium`, `research_time`) VALUES (NULL, 'Cutter', '11', '160',	'80',	'40',	'24',	'17280');
INSERT INTO `skillcosts` (`id`, `name`, `level`, `coal`, `ore`, `copper`, `uranium`, `research_time`) VALUES (NULL, 'Cutter', '12', '168',	'84',	'42',	'25.2',	'17280');
INSERT INTO `skillcosts` (`id`, `name`, `level`, `coal`, `ore`, `copper`, `uranium`, `research_time`) VALUES (NULL, 'Cutter', '13', '176',	'88',	'44',	'26.4',	'17280');
INSERT INTO `skillcosts` (`id`, `name`, `level`, `coal`, `ore`, `copper`, `uranium`, `research_time`) VALUES (NULL, 'Cutter', '14', '184',	'92',	'46',	'27.6',	'17280');
INSERT INTO `skillcosts` (`id`, `name`, `level`, `coal`, `ore`, `copper`, `uranium`, `research_time`) VALUES (NULL, 'Cutter', '15', '192',	'96',	'48',	'28.8',	'17280');
INSERT INTO `skillcosts` (`id`, `name`, `level`, `coal`, `ore`, `copper`, `uranium`, `research_time`) VALUES (NULL, 'Cutter', '16', '200',	'100',	'50',	'30',	'17280');
INSERT INTO `skillcosts` (`id`, `name`, `level`, `coal`, `ore`, `copper`, `uranium`, `research_time`) VALUES (NULL, 'Cutter', '17', '208',	'104',	'52',	'31.2',	'17280');
INSERT INTO `skillcosts` (`id`, `name`, `level`, `coal`, `ore`, `copper`, `uranium`, `research_time`) VALUES (NULL, 'Cutter', '18', '216',	'108',	'54',	'32.4',	'17280');
INSERT INTO `skillcosts` (`id`, `name`, `level`, `coal`, `ore`, `copper`, `uranium`, `research_time`) VALUES (NULL, 'Cutter', '19', '224.',	'112.',	'56.',	'33.6',	'17280');
INSERT INTO `skillcosts` (`id`, `name`, `level`, `coal`, `ore`, `copper`, `uranium`, `research_time`) VALUES (NULL, 'Cutter', '20', '232.',	'116.',	'58.',	'34.8',	'17280');

INSERT INTO `translate` (`id`, `variable`, `translation`, `lang`) VALUES (105, 'scout', 'Scout Sentry', 'eng');
INSERT INTO `translate` (`id`, `variable`, `translation`, `lang`) VALUES (106, 'scout1', 'Scout Athene', 'eng');
INSERT INTO `translate` (`id`, `variable`, `translation`, `lang`) VALUES (107, 'scout2', 'Scout Minerva', 'eng');
INSERT INTO `translate` (`id`, `variable`, `translation`, `lang`) VALUES (108, 'patrol', 'Patrol Amaterasu', 'eng');
INSERT INTO `translate` (`id`, `variable`, `translation`, `lang`) VALUES (109, 'patrol1', 'Patrol Hermes', 'eng');
INSERT INTO `translate` (`id`, `variable`, `translation`, `lang`) VALUES (110, 'patrol2', 'Patrol Crucal', 'eng');
INSERT INTO `translate` (`id`, `variable`, `translation`, `lang`) VALUES (111, 'cutter', 'Cutter Arrow', 'eng');
INSERT INTO `translate` (`id`, `variable`, `translation`, `lang`) VALUES (112, 'cutter1', 'Cutter Canard', 'eng');
INSERT INTO `translate` (`id`, `variable`, `translation`, `lang`) VALUES (113, 'cutter2', 'Cutter Orchis', 'eng');